timestamp,open,high,low,close,volume,dividends,stock_splits
2014-12-09,60.39,60.39,60.39,60.44,44470,0,0
2014-12-10,60.44,60.44,60.44,60.44,0,0,0
2014-12-11,60.43,60.43,60.43,60.4,2978,0,0
2014-12-12,60.53,60.53,60.53,60.5,3725,0,0
2014-12-15,60.59,60.59,60.59,60.59,0,0,0
2014-12-16,60.67,60.67,60.67,60.67,0,0,0
2014-12-17,60.71,60.71,60.71,60.71,0,0,0
2014-12-18,60.72,60.72,60.72,60.69,3377,0,0
2014-12-19,60.73,60.73,60.73,60.73,0,0,0
2014-12-22,60.77,60.77,60.77,60.77,16342,0,0
2014-12-23,60.79,60.79,60.79,60.79,0,0,0
2014-12-29,60.88,60.88,60.88,60.88,0,0,0
2014-12-30,60.99,60.99,60.99,60.99,0,0,0
2015-01-02,61.26,61.26,61.26,61.26,0,0,0
2015-01-05,61.16,61.16,61.16,61.16,4592,0,0
2015-01-06,61.37,61.37,61.37,61.37,0,0,0
2015-01-07,61.19,61.19,61.19,61.19,0,0,0
2015-01-08,61.16,61.16,61.16,61.16,0,0,0
2015-01-09,61.15,61.15,61.15,61.15,0,0,0
2015-01-12,61.28,61.28,61.28,61.28,0,0,0
2015-01-13,61.32,61.32,61.32,61.32,0,0,0
2015-01-14,61.55,61.55,61.55,61.55,0,0,0
2015-01-15,61.55,61.55,61.55,61.55,0,0,0
2015-01-16,61.74,61.74,61.74,61.71,2762,0,0
2015-01-19,61.75,61.75,61.75,61.75,0,0,0
2015-01-20,61.73,61.73,61.73,61.73,0,0,0
2015-01-21,61.57,61.57,61.57,61.53,2834,0,0
2015-01-22,61.95,61.95,61.95,61.95,0,0,0
2015-01-23,62.26,62.26,62.26,62.26,0,0,0
2015-01-26,62.3,62.3,62.3,62.3,0,0,0
2015-01-27,62.25,62.25,62.25,62.25,0,0,0
2015-01-28,62.21,62.21,62.21,62.21,0,0,0
2015-01-29,62.2,62.2,62.2,62.18,90,0,0
2015-01-30,61.93,61.93,61.93,61.93,0,0,0
2015-02-02,61.96,61.96,61.96,61.96,0,0,0
2015-02-03,61.98,61.98,61.98,61.93,188,0,0
2015-02-04,61.99,61.99,61.99,61.97,90,0,0
2015-02-05,61.97,61.97,61.97,61.97,0,0,0
2015-02-06,61.92,61.92,61.92,61.89,3793,0,0
2015-02-09,61.8,61.8,61.8,61.8,0,0,0
2015-02-10,61.72,61.72,61.72,61.72,0,0,0
2015-02-11,61.76,61.76,61.76,61.76,0,0,0
2015-02-12,61.92,61.92,61.92,61.89,414,0,0
2015-02-13,61.93,61.93,61.93,61.93,0,0,0
2015-02-16,61.87,61.87,61.87,61.87,0,0,0
2015-02-17,61.81,61.81,61.81,61.81,0,0,0
2015-02-18,61.76,61.76,61.76,61.76,0,0,0
2015-02-19,61.76,61.76,61.76,61.76,0,0,0
2015-02-20,61.81,61.81,61.81,61.81,0,0,0
2015-02-23,61.94,61.94,61.94,61.94,0,0,0
2015-02-24,61.94,61.94,61.94,61.94,0,0,0
2015-02-25,62.15,62.15,62.15,62.12,4036,0,0
2015-02-26,62.39,62.39,62.39,62.39,0,0,0
2015-02-27,62.37,62.37,62.37,62.37,0,0,0
2015-03-02,62.29,62.29,62.29,62.29,0,0,0
2015-03-03,62.16,62.16,62.16,62.16,0,0,0
2015-03-04,62.14,62.14,62.14,62.14,0,0,0
2015-03-05,62.32,62.32,62.32,62.32,0,0,0
2015-03-06,62.32,62.32,62.32,62.29,4011,0,0
2015-03-09,62.57,62.57,62.57,62.57,0,0,0
2015-03-10,62.94,62.94,62.94,62.94,0,0,0
2015-03-11,63.29,63.29,63.29,63.29,0,0,0
2015-03-12,63.22,63.22,63.22,63.22,0,0,0
2015-03-13,63.17,63.17,63.17,63.17,0,0,0
2015-03-16,63.19,63.19,63.19,63.17,5534,0,0
2015-03-17,62.99,62.99,62.99,62.99,0,0,0
2015-03-18,63.01,63.01,63.01,63.01,0,0,0
2015-03-19,63.1,63.1,63.1,63.1,0,0,0
2015-03-20,63.17,63.17,63.17,63.17,0,0,0
2015-03-23,62.97,62.97,62.97,62.97,0,0,0
2015-03-24,62.92,62.92,62.92,62.92,0,0,0
2015-03-25,62.94,62.94,62.94,62.94,0,0,0
2015-03-26,62.97,62.97,62.97,62.97,0,0,0
2015-03-27,62.97,62.97,62.97,62.97,0,0,0
2015-03-30,62.99,62.99,62.99,62.99,0,0,0
2015-03-31,63.35,63.35,63.35,63.19,191,0,0
2015-04-01,63.22,63.22,63.22,63.22,0,0,0
2015-04-02,63.12,63.12,63.12,63.12,0,0,0
2015-04-07,63.17,63.17,63.17,63.17,0,0,0
2015-04-08,63.17,63.18,63.17,63.19,34191,0,0
2015-04-09,63.13,63.13,63.13,63.13,0,0,0
2015-04-10,63.2,63.2,63.2,63.17,6804,0,0
2015-04-13,63.19,63.19,63.19,63.19,8237,0,0
2015-04-14,63.21,63.21,63.19,63.18,4150,0,0
2015-04-15,63.35,63.35,63.35,63.35,0,0,0
2015-04-16,63.25,63.25,63.25,63.25,0,0,0
2015-04-17,63.06,63.06,63.06,63.06,0,0,0
2015-04-20,63.13,63.13,63.13,63.11,3952,0,0
2015-04-21,63.07,63.07,63.07,63.04,4122,0,0
2015-04-22,63.01,63.01,63.01,63.01,0,0,0
2015-04-23,62.99,62.99,62.99,62.99,0,0,0
2015-04-24,62.92,62.92,62.92,62.92,0,0,0
2015-04-27,62.99,62.99,62.99,62.99,0,0,0
2015-04-28,63.04,63.04,63.04,63.0,605,0,0
2015-04-29,62.42,62.42,62.42,62.42,0,0,0
2015-04-30,62.28,62.28,62.28,62.28,0,0,0
2015-05-01,62.28,62.28,62.28,62.28,0,0,0
2015-05-05,61.39,61.39,61.39,61.34,9354,0,0
2015-05-06,60.97,60.97,60.97,60.97,0,0,0
2015-05-07,61.19,61.19,61.19,61.19,0,0,0
2015-05-08,61.33,61.33,61.33,61.37,1148,0,0
2015-05-11,61.15,61.15,61.15,61.15,0,0,0
2015-05-12,60.78,60.78,60.78,60.78,0,0,0
2015-05-13,60.67,60.67,60.67,60.67,0,0,0
2015-06-02,60.55,60.55,60.55,60.52,3263,0,0
2015-06-03,60.52,60.52,60.52,60.52,0,0,0
2015-06-04,60.15,60.15,60.15,60.15,0,0,0
2015-06-05,59.89,59.89,59.89,59.89,0,0,0
2015-06-08,59.76,59.76,59.76,59.76,0,0,0
2015-06-09,59.52,59.52,59.52,59.52,0,0,0
2015-06-10,59.42,59.42,59.42,59.42,0,0,0
2015-06-11,59.74,59.74,59.74,59.74,0,0,0
2015-06-12,59.65,59.65,59.65,59.65,0,0,0
2015-06-15,59.47,59.47,59.47,59.47,0,0,0
2015-06-16,59.54,59.54,59.54,59.56,3101,0,0
2015-06-17,59.58,59.58,59.58,59.58,0,0,0
2015-06-18,59.72,59.72,59.72,59.72,0,0,0
2015-06-19,59.78,59.78,59.78,59.78,0,0,0
2015-06-22,59.74,59.74,59.74,59.74,0,0,0
2015-06-23,59.81,59.81,59.81,59.81,0,0,0
2015-06-24,59.83,59.83,59.83,59.83,0,0,0
2015-06-25,59.78,59.78,59.78,59.78,0,0,0
2015-06-26,59.63,59.63,59.63,59.63,0,0,0
2015-06-29,59.53,59.53,59.53,59.53,0,0,0
2015-06-30,59.69,59.69,59.69,59.69,0,0,0
2015-07-01,59.73,59.73,59.73,59.58,11762,0,0
2015-07-02,59.42,59.42,59.42,59.42,0,0,0
2015-07-03,59.67,59.67,59.67,59.67,0,0,0
2015-07-06,59.53,59.53,59.53,59.53,0,0,0
2015-07-07,59.94,59.94,59.94,59.94,0,0,0
2015-07-08,60.06,60.06,60.06,60.06,0,0,0
2015-07-09,60.01,60.01,60.01,60.01,0,0,0
2015-07-10,59.72,59.72,59.72,59.72,0,0,0
2015-07-13,59.81,59.81,59.81,59.81,0,0,0
2015-07-14,59.87,59.87,59.87,59.88,5022,0,0
2015-07-15,60.17,60.17,60.17,60.17,0,0,0
2015-07-16,60.19,60.19,60.19,60.19,0,0,0
2015-07-17,60.44,60.44,60.44,60.44,0,0,0
2015-07-20,60.64,60.64,60.64,60.56,40145,0,0
2015-07-21,60.38,60.38,60.38,60.38,0,0,0
2015-07-22,60.53,60.53,60.53,60.53,0,0,0
2015-07-23,60.6,60.6,60.6,60.6,0,0,0
2015-07-24,60.78,60.78,60.78,60.78,0,0,0
2015-07-27,60.78,60.78,60.78,60.78,0,0,0
2015-07-28,60.81,60.81,60.81,60.81,0,0,0
2015-07-29,60.72,60.72,60.72,60.72,0,0,0
2015-07-30,60.94,60.94,60.94,60.94,0,0,0
2015-07-31,60.71,60.71,60.71,60.71,0,0,0
2015-08-03,60.72,60.72,60.72,60.72,0,0,0
2015-08-04,60.71,60.71,60.71,60.71,0,0,0
2015-08-05,60.26,60.26,60.26,60.26,0,0,0
2015-08-06,60.42,60.42,60.42,60.42,0,0,0
2015-08-07,60.56,60.56,60.56,60.56,0,0,0
2015-08-10,60.52,60.52,60.52,60.52,0,0,0
2015-08-11,60.81,60.81,60.81,60.81,0,0,0
2015-08-12,60.8,60.8,60.8,60.8,0,0,0
2015-08-13,60.72,60.72,60.72,60.72,0,0,0
2015-08-14,60.64,60.64,60.64,60.64,0,0,0
2015-08-17,60.78,60.78,60.78,60.78,0,0,0
2015-08-18,60.67,60.67,60.67,60.66,11351,0,0
2015-08-19,60.68,60.68,60.68,60.67,296101,0,0
2015-08-20,60.74,60.74,60.74,60.74,0,0,0
2015-08-21,60.72,60.72,60.72,60.72,0,0,0
2015-08-24,60.72,60.73,60.69,60.66,18980,0,0
2015-08-25,60.45,60.45,60.45,60.11,2005,0,0
2015-08-26,60.2,60.2,60.2,60.2,0,0,0
2015-08-27,60.18,60.18,60.18,60.18,0,0,0
2015-08-28,60.26,60.26,60.26,60.26,0,0,0
2015-09-01,59.97,59.97,59.97,59.97,0,0,0
2015-09-02,59.98,59.98,59.98,59.98,0,0,0
2015-09-03,60.25,60.25,60.25,60.25,0,0,0
2015-09-04,60.48,60.48,60.41,60.45,209,0,0
2015-09-07,60.32,60.32,60.32,60.32,0,0,0
2015-09-08,60.4,60.4,60.4,60.4,0,0,0
2015-09-09,60.38,60.38,60.38,60.38,0,0,0
2015-09-10,60.38,60.38,60.38,60.38,0,0,0
2015-09-11,60.44,60.44,60.44,60.44,0,0,0
2015-09-14,60.43,60.43,60.43,60.43,0,0,0
2015-09-15,60.24,60.24,60.24,60.24,0,0,0
2015-09-16,60.15,60.15,60.15,60.15,0,0,0
2015-09-17,60.15,60.15,60.15,60.15,0,0,0
2015-09-18,60.6,60.6,60.6,60.63,67,0,0
2015-09-21,60.62,60.62,60.62,60.53,66,0,0
2015-09-22,60.78,60.78,60.78,60.78,0,0,0
2015-09-23,60.79,60.79,60.79,60.79,0,0,0
2015-09-24,60.84,60.92,60.84,60.82,36,0,0
2015-09-25,60.6,60.6,60.6,60.6,0,0,0
2015-09-28,60.78,60.78,60.78,60.78,0,0,0
2015-09-29,60.83,60.83,60.83,60.83,0,0,0
2015-09-30,60.85,60.85,60.85,60.85,0,0,0
2015-10-01,61.03,61.03,61.03,61.03,0,0,0
2015-10-02,61.19,61.19,61.19,61.19,0,0,0
2015-10-05,61.01,61.01,61.01,61.01,0,0,0
2015-10-06,60.92,60.92,60.92,60.92,0,0,0
2015-10-07,60.94,60.94,60.94,60.94,0,0,0
2015-10-08,60.97,60.97,60.97,60.97,0,0,0
2015-10-09,60.91,60.91,60.91,60.91,0,0,0
2015-10-12,61.04,61.04,61.04,61.04,0,0,0
2015-10-13,61.04,61.04,61.04,61.04,0,0,0
2015-10-14,61.15,61.15,61.15,61.17,2005,0,0
2015-10-15,61.09,61.09,61.09,61.09,0,0,0
2015-10-16,61.18,61.18,61.18,61.17,81,0,0
2015-10-19,61.16,61.16,61.15,61.14,39241,0,0
2015-10-20,60.9,60.9,60.9,60.9,0,0,0
2015-10-21,61.15,61.15,61.15,61.15,0,0,0
2015-10-22,61.53,61.53,61.53,61.53,0,0,0
2015-10-23,61.52,61.52,61.52,61.52,0,0,0
2015-10-26,61.54,61.54,61.54,61.54,0,0,0
2015-10-27,61.74,61.74,61.74,61.74,0,0,0
2015-10-28,61.81,61.81,61.81,61.81,0,0,0
2015-10-29,61.47,61.47,61.47,61.47,0,0,0
2015-10-30,61.49,61.49,61.49,61.49,0,0,0
2015-11-02,61.31,61.31,61.31,61.27,4750,0,0
2015-11-03,61.23,61.23,61.23,61.23,0,0,0
2015-11-04,61.18,61.18,61.18,61.16,2448,0,0
2015-11-05,61.04,61.04,61.04,61.04,0,0,0
2015-11-06,61.03,61.03,61.03,60.73,77,0,0
2015-11-09,60.71,60.71,60.71,60.71,0,0,0
2015-11-10,60.94,60.94,60.94,60.94,0,0,0
2015-11-11,60.91,60.91,60.91,61.06,77,0,0
2015-11-12,61.12,61.12,61.12,61.12,0,0,0
2015-11-13,61.29,61.29,61.29,61.29,0,0,0
2015-11-16,61.32,61.32,61.32,61.36,7816,0,0
2015-11-17,61.4,61.4,61.4,61.38,32622,0,0
2015-11-18,61.49,61.49,61.49,61.51,77,0,0
2015-11-19,61.62,61.62,61.62,61.62,0,0,0
2015-11-20,61.78,61.78,61.78,61.72,99,0,0
2015-11-23,61.7,61.7,61.7,61.56,99,0,0
2015-11-24,61.62,61.62,61.62,61.62,0,0,0
2015-11-25,61.7,61.7,61.7,61.79,35660,0,0
2015-11-26,61.79,61.79,61.79,61.79,0,0,0
2015-11-27,61.87,61.87,61.87,61.87,0,0,0
2015-11-30,61.78,61.78,61.78,61.78,0,0,0
2015-12-01,61.76,61.76,61.76,61.76,0,0,0
2015-12-02,61.81,61.81,61.81,61.81,0,0,0
2015-12-03,61.03,61.03,61.03,61.03,0,0,0
2015-12-04,61.05,61.05,61.05,60.97,18,0,0
2015-12-07,61.4,61.4,61.4,61.35,5735,0,0
2015-12-08,61.45,61.45,61.45,61.45,0,0,0
2015-12-09,61.33,61.33,61.33,61.33,0,0,0
2015-12-10,61.4,61.4,61.4,61.4,0,0,0
2015-12-11,61.49,61.49,61.49,61.49,0,0,0
2015-12-14,61.33,61.33,61.33,61.33,0,0,0
2015-12-15,61.06,61.06,61.06,61.06,0,0,0
2015-12-16,60.97,60.97,60.97,60.99,18,0,0
2015-12-17,61.26,61.26,61.26,61.26,0,0,0
2015-12-18,61.44,61.44,61.44,61.44,0,0,0
2015-12-21,61.38,61.38,61.38,61.38,0,0,0
2015-12-22,61.22,61.22,61.22,61.22,0,0,0
2015-12-23,61.06,61.06,61.06,61.06,0,0,0
2015-12-29,61.06,61.06,61.06,61.06,0,0,0
2015-12-30,61.11,61.11,61.11,61.11,0,0,0
2016-01-04,61.31,61.31,61.31,61.31,0,0,0
2016-01-05,61.38,61.38,61.38,61.38,0,0,0
2016-01-06,61.48,61.48,61.48,61.48,0,0,0
2016-01-07,61.28,61.28,61.28,61.28,0,0,0
2016-01-08,61.38,61.4,61.38,61.44,1994,0,0
2016-01-11,61.24,61.24,61.24,61.24,0,0,0
2016-01-12,61.26,61.26,61.26,61.26,0,0,0
2016-01-13,61.39,61.39,61.39,61.41,5224,0,0
2016-01-14,61.34,61.34,61.34,61.36,5223,0,0
2016-01-15,61.47,61.47,61.47,61.47,0,0,0
2016-01-18,61.46,61.46,61.46,61.46,0,0,0
2016-01-19,61.49,61.49,61.49,61.49,0,0,0
2016-01-20,61.51,61.51,61.51,61.51,0,0,0
2016-01-21,61.72,61.72,61.72,61.72,0,0,0
2016-01-22,61.61,61.61,61.61,61.61,0,0,0
2016-01-25,61.69,61.69,61.69,61.69,0,0,0
2016-01-26,61.88,61.88,61.88,61.88,0,0,0
2016-01-27,61.9,61.9,61.9,61.9,0,0,0
2016-01-28,61.96,61.96,61.96,61.96,0,0,0
2016-01-29,62.28,62.28,62.28,62.28,0,0,0
2016-02-01,61.88,61.88,61.88,61.88,0,0,0
2016-02-02,61.96,61.96,61.96,61.91,7250,0,0
2016-02-03,62.04,62.04,62.04,62.07,7250,0,0
2016-02-04,61.93,61.93,61.93,61.93,0,0,0
2016-02-05,61.97,61.97,61.97,61.9,13,0,0
2016-02-08,61.9,61.92,61.9,61.89,128968,0,0
2016-02-09,61.76,61.76,61.76,61.85,13,0,0
2016-02-10,61.83,61.83,61.83,61.86,4683,0,0
2016-02-11,61.89,61.89,61.89,61.89,0,0,0
2016-02-12,61.76,61.76,61.76,61.8,809,0,0
2016-02-15,61.94,61.94,61.94,61.94,0,0,0
2016-02-16,61.76,61.76,61.76,61.8,4048,0,0
2016-02-17,61.83,61.83,61.83,61.83,0,0,0
2016-02-18,62.08,62.08,62.08,62.08,0,0,0
2016-02-19,62.1,62.1,62.1,62.1,0,0,0
2016-02-22,62.25,62.25,62.25,62.25,0,0,0
2016-02-23,62.26,62.26,62.26,62.26,0,0,0
2016-02-24,62.34,62.34,62.34,62.34,0,0,0
2016-02-25,62.39,62.39,62.39,62.39,0,0,0
2016-02-26,62.4,62.4,62.4,62.4,0,0,0
2016-02-29,62.59,62.59,62.59,62.59,0,0,0
2016-03-01,62.53,62.53,62.53,62.47,60000,0,0
2016-03-02,62.2,62.2,62.2,62.2,0,0,0
2016-03-03,62.33,62.33,62.33,62.33,0,0,0
2016-03-04,62.31,62.31,62.31,62.14,229,0,0
2016-03-07,62.17,62.17,62.17,62.17,0,0,0
2016-03-08,62.36,62.36,62.36,62.35,1609,0,0
2016-03-09,62.21,62.21,62.21,62.21,0,0,0
2016-03-10,62.1,62.1,62.1,62.05,2005,0,0
2016-03-11,62.3,62.3,62.3,62.3,0,0,0
2016-03-14,62.42,62.42,62.42,62.35,2005,0,0
2016-03-15,62.17,62.17,62.17,62.17,0,0,0
2016-03-16,62.26,62.26,62.26,62.26,0,0,0
2016-03-17,62.56,62.56,62.56,62.56,0,0,0
2016-03-18,62.61,62.61,62.61,62.61,0,0,0
2016-03-21,62.61,62.61,62.61,62.61,0,0,0
2016-03-22,62.66,62.66,62.66,62.66,0,0,0
2016-03-23,62.62,62.62,62.62,62.62,0,0,0
2016-03-24,62.65,62.65,62.65,62.65,0,0,0
2016-03-29,62.9,62.92,62.89,62.9,3184,0,0
2016-03-30,62.94,62.95,62.91,62.89,5416,0,0
2016-03-31,62.89,62.89,62.89,62.89,0,0,0
2016-04-01,62.95,62.95,62.95,62.95,0,0,0
2016-04-04,62.98,62.98,62.98,62.98,0,0,0
2016-04-05,63.15,63.15,63.15,63.01,1,0,0
2016-04-06,62.94,62.94,62.94,62.94,0,0,0
2016-04-07,62.84,62.84,62.84,62.84,0,0,0
2016-04-08,62.93,62.93,62.93,62.93,0,0,0
2016-04-11,62.81,62.81,62.81,62.81,0,0,0
2016-04-12,62.65,62.65,62.65,62.63,69135,0,0
2016-04-13,62.81,62.81,62.81,62.81,0,0,0
2016-04-14,62.71,62.71,62.71,62.69,229,0,0
2016-04-15,62.77,62.77,62.77,62.77,0,0,0
2016-04-18,62.67,62.67,62.67,62.67,0,0,0
2016-04-19,62.55,62.55,62.55,62.55,0,0,0
2016-04-20,62.63,62.63,62.63,62.63,0,0,0
2016-04-21,62.34,62.34,62.34,62.38,400,0,0
2016-04-22,62.35,62.35,62.35,62.35,0,0,0
2016-04-25,62.28,62.28,62.14,62.19,19313,0,0
2016-04-26,62.13,62.13,62.13,62.13,0,0,0
2016-04-27,62.19,62.19,62.19,62.14,1435,0,0
2016-04-28,62.29,62.29,62.29,62.29,0,0,0
2016-04-29,62.18,62.18,62.18,62.18,0,0,0
2016-05-03,62.51,62.51,62.51,62.51,0,0,0
2016-05-04,62.46,62.46,62.46,62.46,0,0,0
2016-05-05,62.53,62.53,62.53,62.53,0,0,0
2016-05-06,62.48,62.49,62.48,62.55,1872,0,0
2016-05-09,62.63,62.63,62.63,62.63,0,0,0
2016-05-10,62.63,62.63,62.63,62.62,2005,0,0
2016-05-11,62.65,62.65,62.65,62.65,0,0,0
2016-05-12,62.53,62.53,62.53,62.53,0,0,0
2016-05-13,62.64,62.64,62.64,62.64,0,0,0
2016-05-16,62.62,62.62,62.62,62.62,0,0,0
2016-05-17,62.7,62.7,62.7,62.7,0,0,0
2016-05-18,62.57,62.57,62.57,62.57,0,0,0
2016-05-19,62.49,62.49,62.49,62.53,31300,0,0
2016-05-20,62.56,62.56,62.56,62.56,0,0,0
2016-05-23,62.67,62.67,62.67,62.55,97,0,0
2016-05-24,62.65,62.65,62.65,62.65,0,0,0
2016-05-25,62.83,62.83,62.83,62.83,0,0,0
2016-05-26,62.82,62.82,62.82,62.83,1596,0,0
2016-05-27,62.84,62.84,62.84,62.84,0,0,0
2016-05-31,62.83,62.83,62.83,62.83,0,0,0
2016-06-01,62.85,62.85,62.85,62.85,0,0,0
2016-06-02,62.91,62.91,62.91,62.91,0,0,0
2016-06-03,62.89,62.89,62.89,63.1,97,0,0
2016-06-06,62.97,62.97,62.97,62.97,0,0,0
2016-06-07,63.16,63.16,63.16,63.16,0,0,0
2016-06-08,63.22,63.22,63.22,63.22,0,0,0
2016-06-09,63.36,63.36,63.36,63.36,0,0,0
2016-06-10,63.42,63.42,63.42,63.42,0,0,0
2016-06-13,63.24,63.24,63.24,63.24,0,0,0
2016-06-14,63.22,63.22,63.22,63.22,0,0,0
2016-06-15,63.29,63.29,63.29,63.29,0,0,0
2016-06-16,63.25,63.25,63.25,63.25,0,0,0
2016-06-17,63.24,63.3,63.22,63.23,600,0,0
2016-06-20,63.24,63.24,63.24,63.24,0,0,0
2016-06-21,63.26,63.26,63.26,63.26,0,0,0
2016-06-22,63.24,63.24,63.24,63.24,0,0,0
2016-06-23,63.24,63.24,63.24,63.17,2005,0,0
2016-06-24,63.42,63.42,63.42,63.42,0,0,0
2016-06-27,63.8,63.8,63.8,63.8,0,0,0
2016-06-28,64.04,64.04,64.04,64.04,0,0,0
2016-06-29,64.15,64.15,64.15,64.15,0,0,0
2016-06-30,64.24,64.24,64.24,64.24,0,0,0
2016-07-01,64.41,64.41,64.4,64.44,5122,0,0
2016-07-04,64.38,64.38,64.38,64.38,0,0,0
2016-07-05,64.51,64.51,64.51,64.51,0,0,0
2016-07-06,64.54,64.54,64.54,64.54,0,0,0
2016-07-07,64.46,64.46,64.46,64.46,0,0,0
2016-07-08,64.62,64.62,64.62,64.62,0,0,0
2016-07-11,64.57,64.57,64.57,64.57,0,0,0
2016-07-12,64.39,64.39,64.39,64.35,3096,0,0
2016-07-13,64.53,64.53,64.53,64.53,0,0,0
2016-07-14,64.35,64.35,64.35,64.35,0,0,0
2016-07-15,64.31,64.31,64.31,64.15,20,0,0
2016-07-18,64.2,64.2,64.2,64.2,0,0,0
2016-07-19,64.25,64.25,64.25,64.23,2005,0,0
2016-07-20,64.18,64.18,64.18,64.18,0,0,0
2016-07-21,64.18,64.18,64.18,64.18,0,0,0
2016-07-22,64.26,64.26,64.26,64.26,0,0,0
2016-07-25,64.36,64.36,64.36,64.36,0,0,0
2016-07-26,64.33,64.33,64.33,64.33,0,0,0
2016-07-27,64.54,64.54,64.54,64.54,0,0,0
2016-07-28,64.57,64.57,64.57,64.57,0,0,0
2016-07-29,64.76,64.76,64.76,64.76,0,0,0
2016-08-01,64.71,64.71,64.71,64.71,0,0,0
2016-08-02,64.34,64.34,64.34,64.21,160,0,0
2016-08-03,64.19,64.19,64.19,64.19,0,0,0
2016-08-04,64.46,64.46,64.46,64.46,0,0,0
2016-08-05,64.33,64.33,64.33,64.33,0,0,0
2016-08-08,64.39,64.39,64.39,64.39,0,0,0
2016-08-09,64.46,64.46,64.46,64.46,0,0,0
2016-08-10,64.49,64.49,64.49,64.62,160,0,0
2016-08-11,64.55,64.7,64.55,64.57,652,0,0
2016-08-12,64.59,64.59,64.59,64.59,0,0,0
2016-08-15,64.49,64.49,64.49,64.49,0,0,0
2016-08-16,64.29,64.29,64.29,64.29,0,0,0
2016-08-17,64.36,64.36,64.36,64.36,0,0,0
2016-08-18,64.53,64.53,64.53,64.53,0,0,0
2016-08-19,64.28,64.28,64.28,64.32,35,0,0
2016-08-22,64.5,64.5,64.5,64.5,0,0,0
2016-08-23,64.47,64.47,64.47,64.47,0,0,0
2016-08-24,64.46,64.46,64.46,64.46,0,0,0
2016-08-25,64.4,64.4,64.4,64.4,0,0,0
2016-08-26,64.44,64.44,64.44,64.44,0,0,0
2016-08-30,64.44,64.44,64.44,64.44,0,0,0
2016-08-31,64.28,64.28,64.28,64.28,0,0,0
2016-09-01,64.15,64.15,64.15,64.15,0,0,0
2016-09-02,64.08,64.08,64.08,64.08,0,0,0
2016-09-05,64.18,64.18,64.18,64.18,0,0,0
2016-09-06,64.47,64.47,64.47,64.47,0,0,0
2016-09-07,64.58,64.58,64.58,64.58,0,0,0
2016-09-08,64.18,64.18,64.18,64.26,465,0,0
2016-09-09,63.83,63.83,63.83,63.83,0,0,0
2016-09-12,63.78,63.78,63.78,63.76,11760,0,0
2016-09-13,63.7,63.7,63.7,63.7,0,0,0
2016-09-14,63.76,63.76,63.76,63.76,0,0,0
2016-09-15,63.6,63.6,63.6,63.67,862,0,0
2016-09-16,63.7,63.8,63.7,63.73,455,0,0
2016-09-19,63.75,63.75,63.75,63.75,0,0,0
2016-09-20,64.01,64.01,64.01,64.01,0,0,0
2016-09-21,63.92,63.92,63.92,63.92,0,0,0
2016-09-22,64.36,64.36,64.36,64.36,0,0,0
2016-09-23,64.29,64.29,64.29,64.29,0,0,0
2016-09-26,64.4,64.4,64.4,64.4,0,0,0
2016-09-27,64.47,64.47,64.47,64.47,0,0,0
2016-09-28,64.53,64.53,64.53,64.53,0,0,0
2016-09-29,64.38,64.38,64.38,64.38,0,0,0
2016-09-30,64.42,64.42,64.42,64.42,0,0,0
2016-10-03,64.29,64.29,64.29,64.29,0,0,0
2016-10-04,64.25,64.25,64.25,64.25,0,0,0
2016-10-05,63.79,63.79,63.79,63.79,0,0,0
2016-10-06,63.81,63.81,63.81,63.81,0,0,0
2016-10-07,63.74,63.74,63.74,63.74,0,0,0
2016-10-10,63.64,63.64,63.64,63.64,0,0,0
2016-10-11,63.76,63.76,63.76,63.76,0,0,0
2016-10-12,63.58,63.58,63.58,63.58,0,0,0
2016-10-13,63.71,63.71,63.71,63.71,0,0,0
2016-10-14,63.66,63.66,63.66,63.66,0,0,0
2016-10-17,63.67,63.67,63.67,63.6,246041,0,0
2016-10-18,63.64,63.64,63.64,63.72,21777,0,0
2016-10-19,63.75,63.75,63.75,63.75,0,0,0
2016-10-20,63.84,63.84,63.84,63.84,0,0,0
2016-10-21,63.84,63.84,63.84,63.84,0,0,0
2016-10-24,63.75,63.75,63.75,63.75,0,0,0
2016-10-25,63.75,63.75,63.75,63.75,0,0,0
2016-10-26,63.45,63.45,63.45,63.45,0,0,0
2016-10-27,63.05,63.05,63.05,63.05,0,0,0
2016-10-28,63.04,63.04,63.04,63.04,0,0,0
2016-10-31,63.05,63.05,63.05,63.05,0,0,0
2016-11-01,62.9,62.9,62.9,62.9,0,0,0
2016-11-02,63.16,63.16,63.16,63.16,0,0,0
2016-11-03,63.09,63.09,63.09,63.04,17510,0,0
2016-11-04,63.05,63.05,63.03,63.06,526,0,0
2016-11-07,63.09,63.09,63.09,63.09,0,0,0
2016-11-08,63.0,63.0,63.0,63.0,0,0,0
2016-11-09,62.94,62.94,62.94,62.94,0,0,0
2016-11-10,62.28,62.28,62.28,62.28,0,0,0
2016-11-11,61.93,61.93,61.93,61.93,0,0,0
2016-11-14,61.73,61.73,61.73,61.73,0,0,0
2016-11-15,62.09,62.09,62.09,62.09,0,0,0
2016-11-16,61.98,61.98,61.98,61.98,0,0,0
2016-11-17,61.96,61.96,61.96,61.96,0,0,0
2016-11-18,61.93,61.93,61.93,61.93,0,0,0
2016-11-21,61.84,61.9,61.84,61.95,193,0,0
2016-11-22,62.15,62.15,62.15,62.15,0,0,0
2016-11-23,61.83,61.83,61.83,61.83,0,0,0
2016-11-24,61.83,61.83,61.83,61.83,0,0,0
2016-11-25,61.87,61.87,61.87,61.87,0,0,0
2016-11-28,62.04,62.04,62.04,62.04,0,0,0
2016-11-29,62.2,62.2,62.2,62.16,2005,0,0
2016-11-30,62.3,62.3,62.15,62.04,32000,0,0
2016-12-01,61.74,61.74,61.74,61.74,0,0,0
2016-12-02,61.8,61.88,61.8,62.12,375,0,0
2016-12-05,61.87,61.87,61.87,61.87,0,0,0
2016-12-06,61.92,61.92,61.92,61.92,0,0,0
2016-12-07,62.07,62.07,62.07,62.07,0,0,0
2016-12-08,61.8,61.8,61.8,61.8,0,0,0
2016-12-09,61.73,61.73,61.73,61.73,0,0,0
2016-12-12,61.59,61.59,61.59,61.59,0,0,0
2016-12-13,61.95,61.95,61.95,61.95,0,0,0
2016-12-14,62.19,62.19,62.19,62.19,0,0,0
2016-12-15,62.01,62.01,62.01,62.03,2410,0,0
2016-12-16,62.1,62.1,62.1,62.1,0,0,0
2016-12-19,62.4,62.4,62.4,62.4,0,0,0
2016-12-20,62.37,62.37,62.37,62.37,0,0,0
2016-12-21,62.47,62.47,62.47,62.47,0,0,0
2016-12-22,62.37,62.37,62.37,62.37,0,0,0
2016-12-23,62.44,62.44,62.44,62.44,0,0,0
2016-12-28,62.57,62.57,62.57,62.57,0,0,0
2016-12-29,62.71,62.72,62.71,62.66,1059,0,0
2016-12-30,62.53,62.53,62.53,62.53,0,0,0
2017-01-03,62.52,62.52,62.16,62.16,18000,0,0
2017-01-04,62.22,62.22,62.09,62.07,289,0,0
2017-01-05,61.94,61.94,61.94,62.0,80360,0,0
2017-01-06,61.84,61.84,61.84,61.84,0,0,0
2017-01-09,61.98,61.98,61.98,61.98,0,0,0
2017-01-10,62.02,62.02,62.02,62.01,19,0,0
2017-01-11,62.15,62.15,62.15,62.15,0,0,0
2017-01-12,62.11,62.11,62.11,62.11,0,0,0
2017-01-13,62.04,62.04,62.04,61.95,16,0,0
2017-01-16,61.98,61.98,61.98,61.98,0,0,0
2017-01-17,62.23,62.23,62.23,62.06,1755,0,0
2017-01-18,62.05,62.05,62.05,61.92,2400,0,0
2017-01-19,61.78,61.78,61.78,61.78,0,0,0
2017-01-20,61.56,61.56,61.56,61.56,0,0,0
2017-01-23,61.81,61.81,61.81,61.77,242,0,0
2017-01-24,61.64,61.64,61.64,61.64,0,0,0
2017-01-25,61.38,61.38,61.38,61.38,0,0,0
2017-01-26,61.2,61.2,61.2,61.15,1959,0,0
2017-01-27,61.18,61.18,61.18,61.18,0,0,0
2017-01-30,61.07,61.07,61.07,61.09,14650,0,0
2017-01-31,61.2,61.2,61.2,61.2,0,0,0
2017-02-01,60.85,60.85,60.85,61.2,7,0,0
2017-02-02,61.0,61.0,61.0,61.0,0,0,0
2017-02-03,60.92,60.92,60.92,60.93,214,0,0
2017-02-06,60.72,60.72,60.72,60.72,0,0,0
2017-02-07,60.87,60.87,60.87,60.81,786,0,0
2017-02-08,61.08,61.08,61.08,61.11,519,0,0
2017-02-09,61.28,61.28,61.28,61.23,13000,0,0
2017-02-10,61.07,61.12,61.07,61.02,639,0,0
2017-02-13,61.06,61.06,61.06,61.06,0,0,0
2017-02-14,61.01,61.01,61.01,61.01,0,0,0
2017-02-15,60.94,60.94,60.94,60.94,0,0,0
2017-02-16,61.05,61.05,61.05,61.18,2005,0,0
2017-02-17,61.06,61.22,61.06,61.19,45,0,0
2017-02-20,61.14,61.14,61.14,61.16,5000,0,0
2017-02-21,61.05,61.05,61.05,61.05,2216,0,0
2017-02-22,61.16,61.16,61.16,61.16,0,0,0
2017-02-23,61.32,61.32,61.32,61.3,1471,0,0
2017-02-24,61.59,61.59,61.59,61.56,212,0,0
2017-02-27,61.64,61.64,61.64,61.64,0,0,0
2017-02-28,61.72,61.72,61.72,61.7,1850,0,0
2017-03-01,61.46,61.46,61.46,61.46,0,0,0
2017-03-02,61.39,61.39,61.39,61.39,0,0,0
2017-03-03,61.45,61.45,61.45,61.36,3259,0,0
2017-03-06,61.31,61.31,61.31,61.32,1791,0,0
2017-03-07,61.31,61.31,61.31,61.29,179,0,0
2017-03-08,61.01,61.01,61.01,61.01,0,0,0
2017-03-09,60.87,60.87,60.87,60.87,0,0,0
2017-03-10,60.81,60.81,60.81,60.59,49,0,0
2017-03-13,60.7,60.7,60.7,60.69,164,0,0
2017-03-14,60.73,60.73,60.73,60.73,0,0,0
2017-03-15,60.95,60.95,60.95,60.95,0,0,0
2017-03-16,60.75,60.75,60.75,60.75,0,0,0
2017-03-17,60.74,60.74,60.74,60.74,0,0,0
2017-03-20,60.73,60.73,60.73,60.73,0,0,0
2017-03-21,60.8,60.8,60.8,60.8,0,0,0
2017-03-22,61.03,61.03,61.03,61.03,0,0,0
2017-03-23,61.17,61.17,61.01,60.97,3156,0,0
2017-03-24,61.17,61.17,61.17,61.14,1210,0,0
2017-03-27,61.18,61.18,61.18,61.18,0,0,0
2017-03-28,61.28,61.28,61.28,61.28,0,0,0
2017-03-29,61.35,61.35,61.35,61.41,7416,0,0
2017-03-30,61.37,61.37,61.37,61.37,0,0,0
2017-03-31,61.33,61.33,61.33,61.33,0,0,0
2017-04-03,61.45,61.45,61.45,61.42,733,0,0
2017-04-04,61.57,61.57,61.57,61.57,0,0,0
2017-04-05,61.55,61.55,61.55,61.55,0,0,0
2017-04-06,61.58,61.58,61.58,61.58,0,0,0
2017-04-07,61.69,61.69,61.69,61.7,155,0,0
2017-04-10,61.67,61.67,61.6,61.65,1130,0,0
2017-04-11,61.54,61.54,61.54,61.65,650,0,0
2017-04-12,61.61,61.61,61.61,61.61,0,0,0
2017-04-13,61.76,61.76,61.56,61.61,7792,0,0
2017-04-18,61.72,61.72,61.72,61.72,0,0,0
2017-04-19,61.64,61.64,61.64,61.67,650,0,0
2017-04-20,61.66,61.66,61.57,61.63,4571,0,0
2017-04-21,61.59,61.59,61.59,61.59,527,0,0
2017-04-24,61.73,61.73,61.73,61.73,0,0,0
2017-04-25,61.5,61.5,61.5,61.5,0,0,0
2017-04-26,61.46,61.46,61.46,61.5,163,0,0
2017-04-27,61.48,61.63,61.48,61.68,2010,0,0
2017-04-28,61.54,61.68,61.54,61.62,6688,0,0
2017-05-02,61.62,61.62,61.62,61.62,2005,0,0
2017-05-03,61.67,61.67,61.67,61.67,0,0,0
2017-05-04,61.64,61.64,61.64,61.59,971,0,0
2017-05-05,61.68,61.68,61.64,61.61,1690,0,0
2017-05-08,61.55,61.55,61.55,61.55,0,0,0
2017-05-09,61.44,61.44,61.44,61.44,2009,0,0
2017-05-10,61.56,61.56,61.56,61.5,1103,0,0
2017-05-11,61.39,61.39,61.39,61.39,2459,0,0
2017-05-12,61.48,61.52,61.48,61.55,3458,0,0
2017-05-15,61.49,61.49,61.4,61.41,4442,0,0
2017-05-16,61.47,61.47,61.47,61.47,0,0,0
2017-05-17,61.67,61.67,61.67,61.67,0,0,0
2017-05-18,61.85,61.85,61.85,61.76,76,0,0
2017-05-19,61.81,61.81,61.81,61.76,51,0,0
2017-05-22,61.64,61.8,61.64,61.65,306,0,0
2017-05-23,61.68,61.68,61.68,61.68,0,0,0
2017-05-24,61.69,61.69,61.69,61.69,0,0,0
2017-05-25,61.84,61.84,61.83,61.82,240,0,0
2017-05-26,61.95,61.95,61.95,61.95,0,0,0
2017-05-30,61.93,61.93,61.93,61.96,151,0,0
2017-05-31,61.93,61.93,61.93,61.93,0,0,0
2017-06-01,61.86,61.86,61.86,61.86,0,0,0
2017-06-02,61.92,61.94,61.92,61.91,578,0,0
2017-06-05,61.83,61.83,61.83,61.83,0,0,0
2017-06-06,61.98,61.98,61.98,62.01,2005,0,0
2017-06-07,61.93,61.94,61.93,61.93,1288,0,0
2017-06-08,61.92,62.07,61.91,62.07,809,0,0
2017-06-09,62.17,62.17,62.17,62.19,2122,0,0
2017-06-12,62.32,62.32,62.32,62.32,0,0,0
2017-06-13,62.35,62.35,62.35,62.38,51,0,0
2017-06-14,62.53,62.53,62.53,62.53,0,0,0
2017-06-15,62.32,62.32,62.32,62.32,0,0,0
2017-06-16,62.29,62.29,62.29,62.3,295,0,0
2017-06-19,62.36,62.36,62.36,62.36,0,0,0
2017-06-20,62.51,62.51,62.51,62.51,0,0,0
2017-06-21,62.55,62.55,62.55,62.55,0,0,0
2017-06-22,62.62,62.62,62.62,62.57,377,0,0
2017-06-23,62.51,62.51,62.51,62.51,0,0,0
2017-06-26,62.57,62.61,62.57,62.54,116,0,0
2017-06-27,62.54,62.54,62.54,62.54,0,0,0
2017-06-28,62.07,62.41,62.07,62.13,2081,0,0
2017-06-29,61.69,61.69,61.69,61.69,0,0,0
2017-06-30,61.72,61.72,61.72,61.62,2005,0,0
2017-07-03,61.63,61.63,61.63,61.63,0,0,0
2017-07-04,61.74,61.74,61.67,61.65,17663,0,0
2017-07-05,61.63,61.63,61.63,61.63,2000,0,0
2017-07-06,61.21,61.21,61.21,61.19,925,0,0
2017-07-07,61.14,61.14,61.14,61.14,1230,0,0
2017-07-10,61.3,61.3,61.3,61.3,0,0,0
2017-07-11,61.2,61.2,61.2,61.2,0,0,0
2017-07-12,61.4,61.4,61.4,61.4,0,0,0
2017-07-13,61.27,61.27,61.27,61.27,0,0,0
2017-07-14,61.35,61.35,61.35,61.35,0,0,0
2017-07-17,61.5,61.5,61.5,61.47,226,0,0
2017-07-18,61.59,61.59,61.59,61.59,0,0,0
2017-07-19,61.66,61.66,61.66,61.66,0,0,0
2017-07-20,61.75,61.75,61.75,61.75,0,0,0
2017-07-21,61.85,61.85,61.85,61.85,0,0,0
2017-07-24,61.93,61.93,61.93,61.93,0,0,0
2017-07-25,61.63,61.63,61.63,61.63,0,0,0
2017-07-26,61.67,61.67,61.67,61.67,0,0,0
2017-07-27,61.71,61.71,61.71,61.75,1038,0,0
2017-07-28,61.68,61.68,61.68,61.68,0,0,0
2017-07-31,61.72,61.75,61.7,61.78,3172,0,0
2017-08-01,61.62,61.62,61.62,61.79,2700,0,0
2017-08-02,61.79,61.79,61.79,61.79,0,0,0
2017-08-03,61.88,61.88,61.88,61.88,0,0,0
2017-08-04,61.82,61.82,61.82,61.77,1350,0,0
2017-08-07,61.86,61.86,61.86,61.86,0,0,0
2017-08-08,61.8,61.8,61.8,61.8,0,0,0
2017-08-09,61.94,61.94,61.94,61.94,0,0,0
2017-08-10,61.94,61.94,61.94,61.94,0,0,0
2017-08-11,62.02,62.02,62.02,62.02,0,0,0
2017-08-14,61.98,61.98,61.98,61.98,0,0,0
2017-08-15,61.86,61.86,61.86,61.86,0,0,0
2017-08-16,61.81,61.81,61.81,61.84,1580,0,0
2017-08-17,61.89,61.89,61.89,61.89,0,0,0
2017-08-18,61.93,61.93,61.93,61.93,0,0,0
2017-08-21,62.0,62.0,62.0,61.95,28000,0,0
2017-08-22,61.88,61.88,61.88,61.88,0,0,0
2017-08-23,61.91,61.91,61.91,61.91,0,0,0
2017-08-24,61.9,61.9,61.9,61.9,0,0,0
2017-08-25,61.87,61.87,61.87,61.87,0,0,0
2017-08-29,62.05,62.05,62.05,62.05,0,0,0
2017-08-30,61.96,61.96,61.96,61.97,806,0,0
2017-08-31,62.03,62.03,62.03,62.03,0,0,0
2017-09-01,61.92,61.92,61.92,61.92,0,0,0
2017-09-04,61.98,61.98,61.98,61.98,0,0,0
2017-09-05,62.13,62.13,62.13,62.15,518,0,0
2017-09-06,62.07,62.07,62.07,62.07,36,0,0
2017-09-07,62.3,62.3,62.3,62.3,0,0,0
2017-09-08,62.16,62.16,62.16,62.16,0,0,0
2017-09-11,62.08,62.08,62.08,62.12,700,0,0
2017-09-12,61.87,61.87,61.87,61.87,0,0,0
2017-09-13,61.86,61.86,61.86,61.86,0,0,0
2017-09-14,61.81,61.81,61.81,61.81,0,0,0
2017-09-15,61.76,61.76,61.76,61.76,0,0,0
2017-09-18,61.73,61.73,61.73,61.73,0,0,0
2017-09-19,61.8,61.8,61.8,61.8,497,0,0
2017-09-20,61.85,61.85,61.85,61.8,32,0,0
2017-09-21,61.72,61.72,61.72,61.72,0,0,0
2017-09-22,61.74,61.74,61.74,61.74,0,0,0
2017-09-25,61.85,61.85,61.85,61.85,0,0,0
2017-09-26,61.84,61.84,61.84,61.84,0,0,0
2017-09-27,61.65,61.65,61.65,61.65,0,0,0
2017-09-28,61.65,61.65,61.65,61.65,0,0,0
2017-09-29,61.72,61.72,61.72,61.72,0,0,0
2017-10-02,61.66,61.66,61.66,61.71,35,0,0
2017-10-03,61.63,61.63,61.63,61.63,0,0,0
2017-10-04,61.58,61.58,61.58,61.58,0,0,0
2017-10-05,61.66,61.66,61.66,61.66,0,0,0
2017-10-06,61.65,61.65,61.65,61.65,0,0,0
2017-10-09,61.75,61.75,61.75,61.75,0,0,0
2017-10-10,61.67,61.67,61.67,61.71,630,0,0
2017-10-11,61.72,61.72,61.72,61.72,0,0,0
2017-10-12,61.79,61.79,61.79,61.79,0,0,0
2017-10-13,61.95,61.95,61.95,61.98,727,0,0
2017-10-16,62.09,62.09,62.09,62.09,0,0,0
2017-10-17,62.12,62.12,62.12,62.16,2,0,0
2017-10-18,62.05,62.05,62.05,62.01,622,0,0
2017-10-19,62.02,62.02,62.02,62.02,0,0,0
2017-10-20,61.83,61.83,61.83,61.83,0,0,0
2017-10-23,61.95,61.95,61.95,61.95,0,0,0
2017-10-24,61.78,61.85,61.78,61.82,2417,0,0
2017-10-25,61.81,61.81,61.81,61.81,0,0,0
2017-10-26,62.01,62.01,62.01,62.01,0,0,0
2017-10-27,62.04,62.04,62.04,62.13,701,0,0
2017-10-30,62.28,62.28,62.27,62.33,917,0,0
2017-10-31,62.4,62.4,62.4,62.4,0,0,0
2017-11-01,62.61,62.61,62.61,62.41,84,0,0
2017-11-02,62.36,62.36,62.36,62.41,1011,0,0
2017-11-03,62.48,62.5,62.48,62.45,401,0,0
2017-11-06,62.52,62.52,62.52,62.52,1010,0,0
2017-11-07,62.58,62.58,62.57,62.67,1126,0,0
2017-11-08,62.59,62.59,62.59,62.59,0,0,0
2017-11-09,62.31,62.54,62.31,62.29,316,0,0
2017-11-10,62.25,62.25,62.25,62.18,208,0,0
2017-11-13,62.21,62.21,62.21,62.21,1,0,0
2017-11-14,62.28,62.28,62.28,62.28,0,0,0
2017-11-15,62.33,62.33,62.33,62.33,0,0,0
2017-11-16,62.31,62.31,62.31,62.31,0,0,0
2017-11-17,62.37,62.37,62.37,62.36,19,0,0
2017-11-20,62.42,62.42,62.42,62.42,399,0,0
2017-11-21,62.59,62.59,62.59,62.59,0,0,0
2017-11-22,62.62,62.62,62.62,62.62,0,0,0
2017-11-23,62.59,62.59,62.59,62.59,0,0,0
2017-11-24,62.49,62.49,62.48,62.48,1292,0,0
2017-11-27,62.58,62.58,62.58,62.58,0,0,0
2017-11-28,62.59,62.59,62.59,62.59,0,0,0
2017-11-29,62.46,62.46,62.46,62.46,0,0,0
2017-11-30,62.59,62.59,62.59,62.59,0,0,0
2017-12-01,62.73,62.73,62.73,62.86,571,0,0
2017-12-04,62.72,62.8,62.72,62.75,120977,0,0
2017-12-05,62.79,62.79,62.79,62.81,1,0,0
2017-12-06,62.79,62.79,62.79,62.85,0,0,0
2017-12-07,62.89,62.89,62.89,62.91,272,0,0
2017-12-08,62.85,62.85,62.85,62.91,397,0,0
2017-12-11,62.91,62.91,62.91,62.91,0,0,0
2017-12-12,62.91,62.91,62.91,62.91,0,0,0
2017-12-13,62.91,62.91,62.91,62.91,0,0,0
2017-12-14,62.64,62.64,62.64,62.69,327,0,0
2017-12-15,62.78,62.78,62.78,62.73,3,0,0
2017-12-18,62.73,62.73,62.73,62.73,0,0,0
2017-12-19,62.74,62.74,62.74,62.43,55282,0,0
2017-12-20,62.43,62.43,62.43,62.43,0,0,0
2017-12-21,62.43,62.43,62.43,62.43,0,0,0
2017-12-22,62.43,62.43,62.43,62.43,0,0,0
2017-12-27,62.43,62.43,62.43,62.43,0,0,0
2017-12-28,62.3,62.3,62.3,62.16,35,0,0
2017-12-29,62.16,62.16,62.16,62.16,0,0,0
2018-01-02,62.16,62.16,62.16,62.16,0,0,0
2018-01-03,62.16,62.16,62.16,62.16,0,0,0
2018-01-04,62.16,62.16,62.16,62.16,0,0,0
2018-01-05,62.12,62.12,62.1,62.09,1006,0,0
2018-01-08,62.09,62.09,62.09,62.09,0,0,0
2018-01-09,62.0,62.0,62.0,62.02,1014,0,0
2018-01-10,61.9,61.9,61.9,61.95,51,0,0
2018-01-11,61.84,61.84,61.84,61.82,3,0,0
2018-01-12,61.95,61.95,61.95,61.92,272,0,0
2018-01-15,61.92,61.92,61.92,61.92,0,0,0
2018-01-16,62.08,62.08,62.08,62.01,1019,0,0
2018-01-17,62.01,62.01,62.01,62.01,0,0,0
2018-01-18,62.03,62.03,62.03,62.0,1,0,0
2018-01-19,62.06,62.06,62.06,62.04,495,0,0
2018-01-22,62.04,62.04,62.04,62.04,0,0,0
2018-01-23,62.04,62.04,62.04,62.04,0,0,0
2018-01-24,62.04,62.04,62.04,62.04,0,0,0
2018-01-25,62.04,62.04,62.04,62.04,0,0,0
2018-01-26,62.08,62.08,62.01,61.94,7848,0,0
2018-01-29,61.87,61.87,61.87,61.79,407,0,0
2018-01-30,61.79,61.79,61.79,61.79,0,0,0
2018-01-31,61.83,61.83,61.83,61.82,79,0,0
2018-02-01,61.82,61.82,61.82,61.82,0,0,0
2018-02-02,61.57,61.57,61.57,61.51,616,0,0
2018-02-05,61.51,61.51,61.51,61.51,0,0,0
2018-02-06,61.51,61.51,61.51,61.51,0,0,0
2018-02-07,61.51,61.51,61.51,61.51,0,0,0
2018-02-08,61.51,61.51,61.51,61.51,0,0,0
2018-02-09,61.59,61.59,61.59,61.58,52,0,0
2018-02-12,61.58,61.58,61.58,61.58,0,0,0
2018-02-13,61.58,61.58,61.58,61.58,0,0,0
2018-02-14,61.58,61.58,61.58,61.58,0,0,0
2018-02-15,61.45,61.45,61.43,61.45,312,0,0
2018-02-16,61.43,61.59,61.43,61.63,549,0,0
2018-02-19,61.63,61.63,61.63,61.63,0,0,0
2018-02-20,61.63,61.63,61.63,61.63,0,0,0
2018-02-21,61.63,61.63,61.63,61.63,0,0,0
2018-02-22,61.63,61.63,61.63,61.63,0,0,0
2018-02-23,61.63,61.63,61.63,61.63,0,0,0
2018-02-26,61.63,61.63,61.63,61.63,0,0,0
2018-02-27,61.66,61.66,61.66,61.66,550,0,0
2018-02-28,61.66,61.66,61.66,61.66,0,0,0
2018-03-01,61.66,61.66,61.66,61.66,0,0,0
2018-03-02,61.96,61.96,61.96,61.79,143,0,0
2018-03-05,61.82,61.82,61.82,61.83,17,0,0
2018-03-06,61.78,61.78,61.78,61.74,1456,0,0
2018-03-07,61.74,61.74,61.74,61.74,0,0,0
2018-03-08,61.74,61.74,61.74,61.74,0,0,0
2018-03-09,61.74,61.74,61.74,61.74,0,0,0
2018-03-12,62.0,62.0,62.0,61.98,152,0,0
2018-03-13,61.98,61.98,61.98,61.98,0,0,0
2018-03-14,61.98,61.98,61.98,61.98,0,0,0
2018-03-15,61.98,61.98,61.98,61.98,0,0,0
2018-03-16,62.25,62.25,62.25,62.18,104,0,0
2018-03-19,62.18,62.18,62.18,62.18,0,0,0
2018-03-20,62.18,62.18,62.18,62.18,0,0,0
2018-03-21,62.3,62.3,62.3,62.22,240,0,0
2018-03-22,62.22,62.22,62.22,62.22,0,0,0
2018-03-23,62.49,62.49,62.49,62.5,248,0,0
2018-03-26,62.48,62.48,62.48,62.48,0,0,0
2018-03-27,62.48,62.48,62.48,62.48,0,0,0
2018-03-28,62.48,62.48,62.48,62.48,0,0,0
2018-03-29,62.48,62.48,62.48,62.48,0,0,0
2018-04-03,62.48,62.48,62.48,62.48,0,0,0
2018-04-04,62.48,62.48,62.48,62.48,0,0,0
2018-04-05,62.56,62.56,62.56,62.61,464,0,0
2018-04-06,62.65,62.65,62.65,62.65,0,0,0
2018-04-09,62.68,62.68,62.68,62.64,1100,0,0
2018-04-10,62.56,62.56,62.56,62.56,0,0,0
2018-04-11,62.64,62.64,62.64,62.63,40,0,0
2018-04-12,62.61,62.61,62.61,62.55,510,0,0
2018-04-13,62.47,62.47,62.47,62.57,40,0,0
2018-04-16,62.55,62.55,62.55,62.55,0,0,0
2018-04-17,62.68,62.68,62.68,62.65,366,0,0
2018-04-18,62.67,62.67,62.67,62.67,0,0,0
2018-04-19,62.67,62.67,62.67,62.67,0,0,0
2018-04-20,62.38,62.44,62.38,62.43,505,0,0
2018-04-23,62.31,62.31,62.31,62.31,0,0,0
2018-04-24,62.31,62.31,62.31,62.31,0,0,0
2018-04-25,62.31,62.31,62.31,62.31,0,0,0
2018-04-26,62.46,62.46,62.46,62.45,2740,0,0
2018-04-27,62.53,62.53,62.53,62.53,0,0,0
2018-04-30,62.49,62.49,62.49,62.47,94,0,0
2018-05-01,62.71,62.71,62.71,62.49,123,0,0
2018-05-02,62.44,62.44,62.44,62.44,0,0,0
2018-05-03,62.63,62.63,62.63,62.57,149,0,0
2018-05-04,62.53,62.53,62.53,62.44,448,0,0
2018-05-08,62.33,62.33,62.33,62.33,0,0,0
2018-05-09,62.33,62.33,62.33,62.33,0,0,0
2018-05-10,62.33,62.33,62.33,62.33,0,0,0
2018-05-11,62.33,62.33,62.33,62.33,0,0,0
2018-05-14,62.33,62.33,62.33,62.33,0,0,0
2018-05-15,62.12,62.12,62.12,62.08,52,0,0
2018-05-16,62.0,62.0,62.0,61.93,276,0,0
2018-05-17,61.89,61.89,61.89,61.87,12,0,0
2018-05-18,61.87,61.87,61.87,61.86,32,0,0
2018-05-21,61.7,61.7,61.7,61.7,0,0,0
2018-05-22,61.72,61.72,61.72,61.74,26,0,0
2018-05-23,61.76,61.76,61.76,61.76,0,0,0
2018-05-24,61.76,61.76,61.76,61.76,0,0,0
2018-05-25,61.76,61.76,61.76,61.76,0,0,0
2018-05-29,61.18,61.5,61.18,61.34,2369,0,0
2018-05-30,61.51,61.51,61.51,61.28,49,0,0
2018-05-31,61.72,61.72,61.72,61.72,0,0,0
2018-06-01,62.02,62.02,62.02,61.77,26,0,0
2018-06-04,61.91,61.91,61.91,61.91,0,0,0
2018-06-05,61.91,61.91,61.91,61.91,0,0,0
2018-06-06,61.91,61.91,61.91,61.91,0,0,0
2018-06-07,61.91,61.91,61.91,61.91,0,0,0
2018-06-08,61.91,61.91,61.91,61.91,0,0,0
2018-06-11,61.91,61.91,61.91,61.91,0,0,0
2018-06-12,61.91,61.91,61.91,61.91,0,0,0
2018-06-13,61.91,61.91,61.91,61.91,0,0,0
2018-06-14,61.91,61.91,61.91,61.91,0,0,0
2018-06-15,61.88,61.88,61.88,61.9,324,0,0
2018-06-18,62.07,62.07,62.07,62.0,188,0,0
2018-06-19,62.15,62.15,62.15,62.08,580,0,0
2018-06-20,62.06,62.06,62.06,62.06,0,0,0
2018-06-21,61.93,61.93,61.93,61.87,175,0,0
2018-06-22,61.96,61.96,61.96,61.86,960,0,0
2018-06-25,61.78,61.78,61.78,61.78,0,0,0
2018-06-26,61.78,61.78,61.78,61.78,0,0,0
2018-06-27,61.78,61.78,61.78,61.78,0,0,0
2018-06-28,61.78,61.78,61.78,61.78,0,0,0
2018-06-29,61.78,61.78,61.78,61.78,0,0,0
2018-07-02,62.24,62.24,62.24,62.25,1603,0,0
2018-07-03,62.31,62.31,62.31,62.31,0,0,0
2018-07-04,62.36,62.36,62.36,62.28,1593,0,0
2018-07-05,62.04,62.04,62.04,62.21,10,0,0
2018-07-06,62.15,62.28,62.15,62.19,70,0,0
2018-07-09,62.19,62.19,62.19,62.19,0,0,0
2018-07-10,62.19,62.19,62.19,62.19,0,0,0
2018-07-11,62.19,62.19,62.19,62.19,0,0,0
2018-07-12,62.19,62.19,62.19,62.19,0,0,0
2018-07-13,62.19,62.19,62.19,62.19,0,0,0
2018-07-16,62.19,62.19,62.19,62.19,0,0,0
2018-07-17,62.36,62.41,62.36,62.41,2725,0,0
2018-07-18,62.45,62.45,62.45,62.37,44088,0,0
2018-07-19,62.42,62.42,62.42,62.39,79,0,0
2018-07-20,62.2,62.2,62.2,62.2,0,0,0
2018-07-23,62.2,62.2,62.2,62.2,0,0,0
2018-07-24,62.1,62.1,62.1,62.1,390,0,0
2018-07-25,62.14,62.14,62.14,62.14,0,0,0
2018-07-26,62.1,62.1,62.1,62.07,131,0,0
2018-07-27,62.03,62.03,62.03,62.03,0,0,0
2018-07-30,62.19,62.19,61.77,61.84,3319,0,0
2018-07-31,61.94,61.94,61.94,61.94,0,0,0
2018-08-01,61.68,61.68,61.47,61.5,857,0,0
2018-08-02,61.43,61.43,61.43,61.43,0,0,0
2018-08-03,61.45,61.45,61.45,61.54,226,0,0
2018-08-06,61.73,61.73,61.73,61.65,162,0,0
2018-08-07,61.63,61.63,61.63,61.63,0,0,0
2018-08-08,61.73,61.73,61.73,61.62,320,0,0
2018-08-09,61.67,61.67,61.67,61.66,25,0,0
2018-08-10,61.67,61.67,61.67,61.71,470,0,0
2018-08-13,61.54,61.54,61.54,61.54,0,0,0
2018-08-14,61.52,61.52,61.52,61.59,7,0,0
2018-08-15,61.53,61.53,61.53,61.53,0,0,0
2018-08-16,61.53,61.53,61.53,61.53,0,0,0
2018-08-17,61.64,61.64,61.53,61.56,133,0,0
2018-08-20,61.69,61.69,61.69,61.69,0,0,0
2018-08-21,61.69,61.69,61.69,61.69,0,0,0
2018-08-22,61.74,61.74,61.74,61.6,1545,0,0
2018-08-23,61.58,61.58,61.58,61.58,0,0,0
2018-08-24,61.59,61.59,61.59,61.53,137,0,0
2018-08-28,61.4,61.4,61.4,61.35,422,0,0
2018-08-29,61.31,61.31,61.31,61.31,0,0,0
2018-08-30,61.36,61.36,61.36,61.39,22650,0,0
2018-08-31,61.35,61.35,61.35,61.35,0,0,0
2018-09-03,61.35,61.35,61.35,61.35,0,0,0
2018-09-04,61.5,61.5,61.5,61.51,81,0,0
2018-09-05,61.62,61.62,61.62,61.52,791,0,0
2018-09-06,61.63,61.63,61.63,61.63,0,0,0
2018-09-07,61.7,61.7,61.7,61.56,2079,0,0
2018-09-10,61.67,61.67,61.67,61.67,0,0,0
2018-09-11,61.67,61.67,61.67,61.67,0,0,0
2018-09-12,61.67,61.67,61.67,61.67,0,0,0
2018-09-13,61.67,61.67,61.67,61.67,0,0,0
2018-09-14,61.67,61.67,61.67,61.67,0,0,0
2018-09-17,61.67,61.67,61.67,61.67,0,0,0
2018-09-18,61.6,61.6,61.6,61.59,4360,0,0
2018-09-19,61.49,61.49,61.49,61.49,0,0,0
2018-09-20,61.49,61.49,61.49,61.49,0,0,0
2018-09-21,61.43,61.43,61.43,61.57,70,0,0
2018-09-24,61.36,61.36,61.36,61.36,0,0,0
2018-09-25,61.36,61.36,61.36,61.36,0,0,0
2018-09-26,61.36,61.36,61.36,61.36,0,0,0
2018-09-27,61.4,61.4,61.38,61.39,8100,0,0
2018-09-28,61.28,61.28,61.28,61.28,0,0,0
2018-10-01,61.1,61.1,61.1,61.1,0,0,0
2018-10-02,61.1,61.1,61.1,61.1,0,0,0
2018-10-03,61.18,61.18,61.18,61.12,2,0,0
2018-10-04,60.95,60.95,60.95,60.95,0,0,0
2018-10-05,60.78,60.78,60.78,60.79,102,0,0
2018-10-08,60.75,60.75,60.75,60.68,15,0,0
2018-10-09,60.71,60.71,60.71,60.71,0,0,0
2018-10-10,60.69,60.69,60.69,60.69,0,0,0
2018-10-11,60.65,60.65,60.65,60.65,0,0,0
2018-10-12,60.74,60.74,60.74,60.69,1990,0,0
2018-10-15,60.67,60.67,60.67,60.67,0,0,0
2018-10-16,60.85,60.85,60.85,60.85,0,0,0
2018-10-17,60.85,60.85,60.85,60.85,0,0,0
2018-10-18,60.73,60.73,60.73,60.73,0,0,0
2018-10-19,60.76,60.76,60.76,60.76,0,0,0
2018-10-22,60.88,60.88,60.88,60.88,0,0,0
2018-10-23,60.93,60.93,60.93,60.93,0,0,0
2018-10-24,60.96,60.96,60.96,60.96,0,0,0
2018-10-25,61.08,61.08,61.08,61.05,610,0,0
2018-10-26,61.22,61.22,61.22,61.22,0,0,0
2018-10-29,61.29,61.29,61.29,61.29,0,0,0
2018-10-30,61.19,61.19,61.19,61.19,0,0,0
2018-10-31,61.34,61.34,61.34,61.23,11,0,0
2018-11-01,61.24,61.24,61.24,61.24,0,0,0
2018-11-02,61.28,61.28,61.28,61.21,172,0,0
2018-11-05,61.23,61.23,61.23,61.23,0,0,0
2018-11-06,61.13,61.13,61.13,61.13,0,0,0
2018-11-07,61.17,61.17,61.17,61.13,110,0,0
2018-11-08,61.05,61.05,61.05,61.05,0,0,0
2018-11-09,61.15,61.15,61.15,61.15,0,0,0
2018-11-12,61.13,61.13,61.13,61.13,0,0,0
2018-11-13,61.26,61.26,61.1,61.07,249,0,0
2018-11-14,61.02,61.02,61.02,61.02,0,0,0
2018-11-15,61.08,61.08,61.08,61.08,0,0,0
2018-11-16,61.05,61.05,61.05,61.05,0,0,0
2018-11-19,60.94,60.94,60.94,60.94,0,0,0
2018-11-20,60.99,60.99,60.99,60.99,0,0,0
2018-11-21,61.08,61.08,61.08,61.08,0,0,0
2018-11-22,61.14,61.14,61.14,61.14,0,0,0
2018-11-23,61.24,61.24,61.24,61.24,0,0,0
2018-11-26,61.35,61.35,61.35,61.35,0,0,0
2018-11-27,61.41,61.41,61.41,61.37,231,0,0
2018-11-28,61.38,61.38,61.38,61.38,0,0,0
2018-11-29,61.48,61.48,61.48,61.54,58490,0,0
2018-11-30,61.58,61.58,61.58,61.58,101,0,0
2018-12-03,61.66,61.66,61.66,61.66,4,0,0
2018-12-04,61.78,61.78,61.78,61.78,0,0,0
2018-12-05,61.83,61.83,61.83,61.83,0,0,0
2018-12-06,61.82,61.82,61.82,61.82,0,0,0
2018-12-07,61.8,61.8,61.8,61.8,575,0,0
2018-12-10,61.87,61.87,61.87,61.87,0,0,0
2018-12-11,61.87,61.87,61.87,61.87,0,0,0
2018-12-12,62.11,62.28,62.06,61.92,19323,0,0
2018-12-13,61.91,61.91,61.91,61.91,0,0,0
2018-12-14,61.96,61.96,61.96,61.96,0,0,0
2018-12-17,61.94,61.94,61.94,61.94,0,0,0
2018-12-18,62.02,62.02,62.02,62.02,0,0,0
2018-12-19,62.12,62.12,62.12,62.12,0,0,0
2018-12-20,62.24,62.24,62.24,62.24,0,0,0
2018-12-21,62.3,62.3,62.3,62.12,18,0,0
2018-12-24,62.11,62.11,62.11,62.11,0,0,0
2018-12-27,62.17,62.49,62.17,62.17,8485,0,0
2018-12-28,62.11,62.11,62.11,62.11,0,0,0
2018-12-31,62.13,62.13,62.13,62.13,0,0,0
2019-01-02,62.33,62.33,62.33,62.33,0,0,0
2019-01-03,62.19,62.19,62.19,62.19,0,0,0
2019-01-04,62.04,62.04,62.04,62.02,53,0,0
2019-01-07,62.03,62.03,62.03,61.94,820,0,0
2019-01-08,61.92,61.92,61.92,61.86,3,0,0
2019-01-09,61.99,61.99,61.99,61.99,0,0,0
2019-01-10,62.01,62.01,62.01,62.07,24,0,0
2019-01-11,62.14,62.14,62.14,62.14,0,0,0
2019-01-14,62.21,62.21,62.21,62.21,0,0,0
2019-01-15,62.28,62.28,62.28,62.28,0,0,0
2019-01-16,62.21,62.3,62.21,62.32,487,0,0
2019-01-17,62.31,62.31,62.31,62.31,0,0,0
2019-01-18,62.31,62.31,62.31,62.31,0,0,0
2019-01-21,62.28,62.28,62.28,62.28,0,0,0
2019-01-22,62.37,62.37,62.37,62.37,0,0,0
2019-01-23,62.45,62.45,62.45,62.43,553,0,0
2019-01-24,62.65,62.65,62.65,62.65,0,0,0
2019-01-25,62.67,62.67,62.67,62.67,0,0,0
2019-01-28,62.6,62.6,62.6,62.6,0,0,0
2019-01-29,62.63,62.63,62.63,62.63,0,0,0
2019-01-30,62.75,62.75,62.75,62.67,2054,0,0
2019-01-31,62.63,62.63,62.63,62.8,218,0,0
2019-02-01,62.48,62.48,62.48,62.44,421,0,0
2019-02-04,62.39,62.39,62.39,62.39,0,0,0
2019-02-05,62.44,62.44,62.32,62.38,521,0,0
2019-02-06,62.31,62.31,62.31,62.31,0,0,0
2019-02-07,62.33,62.33,62.33,62.33,0,0,0
2019-02-08,62.4,62.4,62.4,62.32,389,0,0
2019-02-11,62.33,62.33,62.33,62.33,0,0,0
2019-02-12,62.34,62.34,62.34,62.34,0,0,0
2019-02-13,62.45,62.45,62.45,62.42,2666,0,0
2019-02-14,62.45,62.45,62.45,62.45,0,0,0
2019-02-15,62.45,62.45,62.45,62.44,1004,0,0
2019-02-18,62.49,62.49,62.49,62.49,600,0,0
2019-02-19,62.47,62.47,62.47,62.51,588,0,0
2019-02-20,62.47,62.47,62.47,62.47,0,0,0
2019-02-21,62.43,62.43,62.43,62.43,0,0,0
2019-02-22,62.42,62.47,62.42,62.48,7292,0,0
2019-02-25,62.49,62.49,62.49,62.55,15,0,0
2019-02-26,62.65,62.65,62.65,62.6,591,0,0
2019-02-27,62.42,62.42,62.42,62.42,0,0,0
2019-02-28,62.4,62.4,62.4,62.35,551,0,0
2019-03-01,62.43,62.43,62.41,62.33,24,0,0
2019-03-04,62.39,62.39,62.39,62.42,14,0,0
2019-03-05,62.41,62.41,62.41,62.45,950,0,0
2019-03-06,62.7,62.7,62.7,62.65,38,0,0
2019-03-07,62.99,62.99,62.99,62.99,0,0,0
2019-03-08,63.02,63.02,63.02,62.99,485,0,0
2019-03-11,63.0,63.0,63.0,62.94,444,0,0
2019-03-12,62.94,62.94,62.94,62.94,0,0,0
2019-03-13,62.89,62.89,62.89,62.89,0,0,0
2019-03-14,62.94,62.94,62.94,62.94,0,0,0
2019-03-15,62.95,62.95,62.95,62.94,789,0,0
2019-03-18,63.07,63.07,63.07,63.07,0,0,0
2019-03-19,62.93,62.93,62.93,62.97,11,0,0
2019-03-20,62.97,62.97,62.97,62.97,0,0,0
2019-03-21,63.2,63.2,63.2,63.22,658,0,0
2019-03-22,63.47,63.47,63.47,63.47,0,0,0
2019-03-25,63.4,63.4,63.4,63.4,0,0,0
2019-03-26,63.42,63.42,63.42,63.42,0,0,0
2019-03-27,63.56,63.56,63.56,63.65,88,0,0
2019-03-28,63.55,63.55,63.55,63.55,0,0,0
2019-03-29,63.51,63.51,63.51,63.51,0,0,0
2019-04-01,63.35,63.35,63.35,63.31,88,0,0
2019-04-02,63.42,63.42,63.42,63.37,1,0,0
2019-04-03,63.22,63.22,63.22,63.22,0,0,0
2019-04-04,63.24,63.24,63.22,63.29,3,0,0
2019-04-05,63.21,63.31,63.21,63.35,820,0,0
2019-04-08,63.36,63.36,63.36,63.36,1,0,0
2019-04-09,63.46,63.46,63.46,63.46,0,0,0
2019-04-10,63.56,63.56,63.56,63.56,0,0,0
2019-04-11,63.58,63.58,63.58,63.58,0,0,0
2019-04-12,63.36,63.36,63.36,63.36,0,0,0
2019-04-15,63.35,63.35,63.35,63.28,4010,0,0
2019-04-16,63.22,63.22,63.22,63.22,0,0,0
2019-04-17,63.14,63.15,63.14,63.13,24359,0,0
2019-04-18,63.41,63.41,63.41,63.34,374,0,0
2019-04-23,63.12,63.12,63.12,63.19,530,0,0
2019-04-24,63.27,63.27,63.27,63.4,25,0,0
2019-04-25,63.3,63.3,63.3,63.3,0,0,0
2019-04-26,63.36,63.36,63.36,63.49,1500,0,0
2019-04-29,63.51,63.36,63.36,63.46,86,0,0
2019-04-30,63.34,63.4,63.34,63.51,183,0,0
2019-05-01,63.57,63.57,63.57,63.51,4159,0,0
2019-05-02,63.47,63.47,63.47,63.47,0,0,0
2019-05-03,63.48,63.51,63.48,63.53,2732,0,0
2019-05-07,63.56,63.56,63.56,63.62,1,0,0
2019-05-08,63.66,63.67,63.66,63.62,5111,0,0
2019-05-09,63.51,63.54,63.51,63.51,4359,0,0
2019-05-10,63.49,63.49,63.49,63.49,0,0,0
2019-05-13,63.5,63.56,63.5,63.56,5295,0,0
2019-05-14,63.51,63.51,63.51,63.51,0,0,0
2019-05-15,63.61,63.61,63.61,63.62,25700,0,0
2019-05-16,63.7,63.7,63.7,63.7,0,0,0
2019-05-17,63.79,63.79,63.79,63.74,500,0,0
2019-05-20,63.66,63.66,63.66,63.66,0,0,0
2019-05-21,63.51,63.59,63.51,63.62,84,0,0
2019-05-22,63.77,63.77,63.7,63.69,365,0,0
2019-05-23,63.84,63.84,63.84,63.78,1148,0,0
2019-05-24,63.88,63.88,63.88,63.88,0,0,0
2019-05-28,63.74,63.81,63.74,63.9,20019,0,0
2019-05-29,64.0,64.0,64.0,64.06,1900,0,0
2019-05-30,64.04,64.04,64.04,64.03,494,0,0
2019-05-31,64.04,64.04,64.04,64.17,1794,0,0
2019-06-03,64.24,64.24,64.24,64.24,0,0,0
2019-06-04,64.39,64.39,64.39,64.41,6,0,0
2019-06-05,64.51,64.51,64.51,64.51,0,0,0
2019-06-06,64.64,64.64,64.64,64.64,0,0,0
2019-06-07,65.0,65.0,65.0,64.96,1506,0,0
2019-06-10,64.73,64.73,64.73,64.73,0,0,0
2019-06-11,64.89,64.89,64.89,64.82,760,0,0
2019-06-12,64.74,64.74,64.74,64.74,0,0,0
2019-06-13,64.81,64.81,64.81,64.81,0,0,0
2019-06-14,64.98,64.98,64.98,65.01,8,0,0
2019-06-17,64.95,64.95,64.95,64.97,378,0,0
2019-06-18,65.53,65.53,65.53,65.54,41000,0,0
2019-06-19,65.43,65.43,65.43,65.37,310,0,0
2019-06-20,65.56,65.64,65.56,65.54,328,0,0
2019-06-21,65.39,65.39,65.39,65.34,102,0,0
2019-06-24,65.54,65.54,65.54,65.47,2,0,0
2019-06-25,65.53,65.55,65.53,65.57,5165,0,0
2019-06-26,65.46,65.46,65.46,65.53,481,0,0
2019-06-27,65.61,65.61,65.54,65.57,10164,0,0
2019-06-28,65.61,65.61,65.61,65.61,0,0,0
2019-07-01,65.94,65.94,65.94,65.9,2679,0,0
2019-07-02,66.01,66.01,66.01,66.01,0,0,0
2019-07-03,66.29,66.29,66.29,66.49,760,0,0
2019-07-04,66.5,66.5,66.42,66.44,6295,0,0
2019-07-05,66.28,66.28,66.25,66.15,449,0,0
2019-07-08,66.2,66.2,66.2,66.11,150,0,0
2019-07-09,66.08,66.08,66.08,66.05,2582,0,0
2019-07-10,65.9,65.9,65.9,65.9,0,0,0
2019-07-11,65.94,65.94,65.94,65.71,54,0,0
2019-07-12,65.46,65.52,65.46,65.5,316,0,0
2019-07-15,65.82,65.82,65.82,65.82,0,0,0
2019-07-16,65.93,65.93,65.93,65.93,0,0,0
2019-07-17,66.06,66.06,66.06,66.08,1950,0,0
2019-07-18,66.21,66.21,66.21,66.21,0,0,0
2019-07-19,66.15,66.16,66.15,66.21,5982,0,0
2019-07-22,66.19,66.19,66.19,66.19,0,0,0
2019-07-23,66.27,66.27,66.27,66.25,300,0,0
2019-07-24,66.44,66.44,66.44,66.47,152,0,0
2019-07-25,66.6,66.75,66.58,66.37,196,0,0
2019-07-26,66.39,66.39,66.39,66.37,151,0,0
2019-07-29,66.45,66.45,66.45,66.45,0,0,0
2019-07-30,66.35,66.36,66.35,66.46,8,0,0
2019-07-31,66.72,66.72,66.72,66.72,0,0,0
2019-08-01,66.46,66.46,66.46,66.57,6,0,0
2019-08-02,66.86,66.87,66.75,66.79,7433,0,0
2019-08-05,66.95,66.96,66.89,66.85,2595,0,0
2019-08-06,66.95,67.01,66.9,67.04,736,0,0
2019-08-07,67.32,67.35,67.32,67.42,85,0,0
2019-08-08,67.27,67.27,67.27,67.07,12,0,0
2019-08-09,66.76,66.76,66.76,66.76,0,0,0
2019-08-12,66.92,66.92,66.92,66.92,0,0,0
2019-08-13,67.18,67.18,67.18,67.18,0,0,0
2019-08-14,67.29,67.29,67.29,67.49,10,0,0
2019-08-15,67.6,67.6,67.6,67.97,209,0,0
2019-08-16,68.0,68.06,67.97,67.8,239,0,0
2019-08-19,67.52,67.52,67.52,67.49,6,0,0
2019-08-20,67.84,67.84,67.84,67.73,42,0,0
2019-08-21,67.64,67.74,67.64,67.7,3235,0,0
2019-08-22,67.55,67.55,67.55,67.5,158,0,0
2019-08-23,67.57,67.57,67.57,67.57,0,0,0
2019-08-27,68.01,68.01,68.01,68.01,0,0,0
2019-08-28,68.28,68.28,68.23,68.31,9410,0,0
2019-08-29,68.21,68.21,68.21,68.21,0,0,0
2019-08-30,68.15,68.15,68.15,68.15,0,0,0
2019-09-02,68.1,68.1,68.1,68.11,1588,0,0
2019-09-03,68.37,68.37,68.36,68.36,2113,0,0
2019-09-04,68.06,68.14,67.86,68.22,8702,0,0
2019-09-05,67.66,67.66,67.66,67.67,50000,0,0
2019-09-06,67.75,67.84,67.64,67.94,4594,0,0
2019-09-09,67.54,67.54,67.54,67.54,0,0,0
2019-09-10,67.35,67.35,67.34,67.32,6592,0,0
2019-09-11,67.44,67.44,67.44,67.46,1,0,0
2019-09-12,68.01,68.01,67.48,67.54,3712,0,0
2019-09-13,67.35,67.35,67.17,67.14,5677,0,0
2019-09-16,67.07,67.07,67.07,67.3,54,0,0
2019-09-17,67.23,67.25,67.23,67.15,38,0,0
2019-09-18,67.41,67.41,67.41,67.47,24,0,0
2019-09-19,67.39,67.39,67.39,67.39,0,0,0
2019-09-20,67.43,67.43,67.43,67.43,0,0,0
2019-09-23,67.85,67.85,67.85,67.85,0,0,0
2019-09-24,67.74,67.74,67.74,67.96,1,0,0
2019-09-25,68.05,68.13,68.05,67.88,456,0,0
2019-09-26,67.82,67.82,67.82,67.9,1,0,0
2019-09-27,67.82,67.82,67.82,67.89,118,0,0
2019-09-30,67.85,67.85,67.85,67.83,120,0,0
2019-10-01,67.79,67.79,67.79,67.75,148000,0,0
2019-10-02,67.68,67.69,67.65,67.64,1603,0,0
2019-10-03,67.85,67.85,67.85,67.85,0,0,0
2019-10-04,67.84,68.05,67.83,67.83,15708,0,0
2019-10-07,67.89,67.89,67.77,67.73,5751,0,0
2019-10-08,67.83,67.83,67.83,67.83,0,0,0
2019-10-09,67.65,67.65,67.65,67.65,0,0,0
2019-10-10,67.32,67.32,67.32,67.32,0,0,0
2019-10-11,67.34,67.34,67.3,67.18,176,0,0
2019-10-14,67.29,67.29,67.29,67.29,0,0,0
2019-10-15,67.28,67.28,67.28,67.19,1359,0,0
2019-10-16,67.14,67.14,67.02,67.07,15587,0,0
2019-10-17,67.08,67.08,67.08,67.15,20,0,0
2019-10-18,67.15,67.15,67.15,67.04,111,0,0
2019-10-21,66.79,66.79,66.79,66.79,0,0,0
2019-10-22,66.95,66.95,66.95,66.97,956,0,0
2019-10-23,67.07,67.07,67.07,67.07,0,0,0
2019-10-24,67.12,67.12,67.06,67.13,3,0,0
2019-10-25,67.06,67.06,67.06,66.96,3,0,0
2019-10-28,66.71,66.71,66.71,66.71,0,0,0
2019-10-29,66.77,66.88,66.77,66.82,6645,0,0
2019-10-30,66.82,66.82,66.82,66.82,0,0,0
2019-10-31,67.11,67.11,67.11,67.11,0,0,0
2019-11-01,67.08,67.08,67.08,66.86,2,0,0
2019-11-04,66.74,66.85,66.74,66.75,139,0,0
2019-11-05,66.68,66.68,66.68,66.68,0,0,0
2019-11-06,66.71,66.71,66.71,66.71,0,0,0
2019-11-07,66.29,66.29,66.29,66.29,0,0,0
2019-11-08,66.31,66.31,66.31,66.32,1,0,0
2019-11-11,66.14,66.14,66.14,66.14,0,0,0
2019-11-12,66.15,66.15,66.15,66.15,0,0,0
2019-11-13,66.31,66.31,66.31,66.31,0,0,0
2019-11-14,66.28,66.28,66.28,66.3,19,0,0
2019-11-15,66.43,66.43,66.43,66.39,2000,0,0
2019-11-18,66.47,66.47,66.47,66.47,0,0,0
2019-11-19,66.43,66.43,66.43,66.43,0,0,0
2019-11-20,66.49,66.67,64.55,66.49,10355,0,0
2019-11-21,66.49,66.49,66.49,66.39,4,0,0
2019-11-22,66.31,66.31,66.31,66.53,1,0,0
2019-11-25,66.54,66.54,66.54,66.54,0,0,0
2019-11-26,66.61,66.61,66.61,66.61,0,0,0
2019-11-27,66.63,66.63,66.63,66.57,21,0,0
2019-11-28,66.5,66.5,66.5,66.5,0,0,0
2019-11-29,66.47,66.47,66.47,66.47,0,0,0
2019-12-02,66.07,66.07,66.07,66.06,165,0,0
2019-12-03,66.21,66.21,66.21,66.43,5650,0,0
2019-12-04,66.32,66.32,66.32,66.32,0,0,0
2019-12-05,66.09,66.09,66.09,66.09,0,0,0
2019-12-06,66.16,66.16,66.16,66.08,29,0,0
2019-12-09,66.27,66.27,66.27,66.22,22,0,0
2019-12-10,66.22,66.22,66.22,66.24,3,0,0
2019-12-11,66.38,66.38,66.38,66.38,0,0,0
2019-12-12,66.13,66.13,66.13,66.13,0,0,0
2019-12-13,66.4,66.4,66.4,66.4,0,0,0
2019-12-16,66.41,66.41,66.41,66.29,2848,0,0
2019-12-17,66.26,66.42,66.26,66.42,11,0,0
2019-12-18,66.19,66.19,66.19,66.19,0,0,0
2019-12-19,66.07,66.07,66.07,66.07,0,0,0
2019-12-20,65.86,65.86,65.86,66.07,1,0,0
2019-12-23,66.12,66.12,66.12,66.04,256,0,0
2019-12-24,66.06,66.06,66.06,66.06,0,0,0
2019-12-27,66.13,66.13,66.13,66.13,0,0,0
2019-12-30,65.77,65.77,65.77,65.87,112,0,0
2019-12-31,65.89,65.89,65.89,65.89,0,0,0
2020-01-02,65.97,65.97,65.97,65.97,0,0,0
2020-01-03,66.18,66.18,66.18,66.29,5,0,0
2020-01-06,66.29,66.39,66.29,66.22,72,0,0
2020-01-07,66.29,66.29,66.29,66.18,57,0,0
2020-01-08,66.12,66.12,66.12,66.07,4548,0,0
2020-01-09,66.0,66.0,66.0,66.0,0,0,0
2020-01-10,66.04,66.12,66.04,66.07,4624,0,0
2020-01-13,65.85,65.85,65.85,65.85,0,0,0
2020-01-14,65.95,65.95,65.95,65.9,20,0,0
2020-01-15,65.95,65.95,65.95,66.04,19,0,0
2020-01-16,65.97,65.97,65.97,65.97,0,0,0
2020-01-17,66.02,66.02,66.02,66.02,0,0,0
2020-01-20,66.06,66.06,66.06,66.06,0,0,0
2020-01-21,66.07,66.07,66.07,66.18,86,0,0
2020-01-22,66.24,66.24,66.24,66.24,0,0,0
2020-01-23,66.12,66.12,66.12,66.54,1,0,0
2020-01-24,66.61,66.61,66.61,66.61,0,0,0
2020-01-27,67.08,67.08,67.08,67.08,0,0,0
2020-01-28,67.0,67.0,67.0,67.0,0,0,0
2020-01-29,67.05,67.05,67.05,67.17,9,0,0
2020-01-30,67.32,67.32,67.32,67.32,0,0,0
2020-01-31,67.47,67.47,67.33,67.49,1169,0,0
2020-02-03,67.24,67.24,67.24,67.24,0,0,0
2020-02-04,67.25,67.25,67.13,67.11,1805,0,0
2020-02-05,66.96,66.96,66.96,66.96,0,0,0
2020-02-06,66.89,66.89,66.89,66.93,328,0,0
2020-02-07,67.07,67.07,67.07,67.07,0,0,0
2020-02-10,67.07,67.07,67.07,67.07,0,0,0
2020-02-11,67.07,67.07,67.07,67.07,0,0,0
2020-02-12,67.11,67.11,67.11,67.11,0,0,0
2020-02-13,67.22,67.36,67.22,67.21,53511,0,0
2020-02-14,67.21,67.21,67.21,67.21,0,0,0
2020-02-17,67.26,67.29,67.26,67.24,1013,0,0
2020-02-18,67.4,67.4,67.4,67.25,3,0,0
2020-02-19,67.34,67.34,67.34,67.29,10,0,0
2020-02-20,67.45,67.46,67.42,67.5,49628,0,0
2020-02-21,67.47,67.54,67.47,67.51,405,0,0
2020-02-25,67.62,67.62,67.62,67.62,0,0,0
2020-02-26,67.5,67.5,67.5,67.5,0,0,0
2020-02-27,67.44,67.44,67.44,67.44,0,0,0
2020-02-28,67.23,67.74,67.23,67.63,380,0,0
2020-03-03,67.97,67.97,67.97,67.97,0,0,0
2020-03-04,67.96,67.96,67.96,67.96,0,0,0
2020-03-05,67.93,67.93,67.93,67.93,0,0,0
2020-03-06,67.89,68.18,67.89,68.1,2997,0,0
2020-03-10,67.79,67.79,67.79,67.79,0,0,0
2020-03-11,67.79,67.79,67.79,68.07,22,0,0
2020-03-12,67.4,67.4,67.4,68.07,3097,0,0
2020-03-13,66.01,66.01,66.01,66.01,0,0,0
2020-03-17,65.64,65.64,64.36,64.68,46,0,0
2020-03-18,63.34,63.34,63.34,64.0,18384,0,0
2020-03-19,66.08,66.08,64.52,64.91,845,0,0
2020-03-20,65.75,65.75,65.75,65.89,4500,0,0
2020-03-24,65.31,65.31,65.31,65.31,0,0,0
2020-03-25,65.16,65.16,65.16,65.16,0,0,0
2020-03-26,66.04,66.04,66.04,66.04,0,0,0
2020-03-27,66.35,66.35,66.35,66.47,4150,0,0
2020-03-31,66.56,66.56,66.35,65.86,3,0,0
2020-04-01,65.79,65.79,65.79,65.79,0,0,0
2020-04-02,65.81,65.81,65.81,65.81,0,0,0
2020-04-03,65.67,65.67,65.67,65.67,0,0,0
2020-05-08,65.85,65.85,65.85,65.66,37400,0,0
